{
  "version": 1,
  "author": "Anonymous maker",
  "editor": "wokwi",
  "parts": [
    { "type": "wokwi-arduino-nano", "id": "nano", "top": -4.8, "left": -0.5, "attrs": {} },
    {
      "type": "wokwi-analog-joystick",
      "id": "joystick1",
      "top": -202.2,
      "left": -4.2,
      "attrs": {}
    }
  ],
  "connections": [
    [ "joystick1:VCC", "nano:5V", "red", [ "v0" ] ],
    [ "joystick1:GND", "nano:GND.1", "black", [ "v0" ] ],
    [ "joystick1:VERT", "nano:A1", "green", [ "v0" ] ],
    [ "joystick1:HORZ", "nano:A0", "green", [ "v0" ] ],
    [ "joystick1:SEL", "nano:2", "green", [ "v0" ] ]
  ],
  "dependencies": {}
}